Donation_ID,Date_Time,Donor_ID,Medical_Professional,Hospital_ID,Amount
1,2023-07-01 8:00:00,1,Dr. Bruce Banner,64,1
2,2023-07-02 9:00:00,2,Dr. Stephan Strange,63,1
3,2023-07-03 10:00:00,3,Dr. Diana Prince,62,1
4,2023-07-04 11:00:00,4,Dr. Harleen Quinzel,61,1
5,2023-07-05 12:00:00,5,Dr. Bruce Banner,60,1
6,2023-07-06 13:00:00,6,Dr. Stephan Strange,59,1
7,2023-07-07 14:00:00,7,Dr. Diana Prince,58,1
8,2023-07-08 15:00:00,8,Dr. Harleen Quinzel,57,1
9,2023-07-09 16:00:00,9,Dr. Bruce Banner,56,1
10,2023-07-10 17:00:00,10,Dr. Stephan Strange,55,1
11,2023-07-11 8:00:00,11,Dr. Diana Prince,54,1
12,2023-07-12 9:00:00,12,Dr. Harleen Quinzel,53,1
13,2023-07-13 10:00:00,13,Dr. Bruce Banner,52,1
14,2023-07-14 11:00:00,14,Dr. Stephan Strange,51,1
15,2023-07-15 12:00:00,15,Dr. Diana Prince,50,1
16,2023-07-16 13:00:00,16,Dr. Harleen Quinzel,49,1
17,2023-07-17 14:00:00,17,Dr. Bruce Banner,48,1
18,2023-07-18 15:00:00,18,Dr. Stephan Strange,47,1
19,2023-07-19 16:00:00,19,Dr. Diana Prince,46,1
20,2023-07-20 17:00:00,20,Dr. Harleen Quinzel,45,1
21,2023-07-21 8:00:00,21,Dr. Bruce Banner,44,1
22,2023-07-22 9:00:00,22,Dr. Stephan Strange,43,1
23,2023-07-23 10:00:00,8,Dr. Diana Prince,42,1
24,2023-07-24 11:00:00,9,Dr. Harleen Quinzel,41,1
25,2023-07-25 12:00:00,10,Dr. Bruce Banner,40,1
26,2023-07-26 13:00:00,11,Dr. Stephan Strange,39,1
27,2023-07-27 14:00:00,12,Dr. Diana Prince,38,1
28,2023-07-28 15:00:00,13,Dr. Harleen Quinzel,37,1
29,2023-07-29 16:00:00,14,Dr. Bruce Banner,36,1
30,2023-07-30 17:00:00,8,Dr. Stephan Strange,35,1
31,2023-07-31 8:00:00,9,Dr. Diana Prince,34,1
32,2023-07-01 9:00:00,10,Dr. Harleen Quinzel,33,1
33,2023-07-02 10:00:00,1,Dr. Bruce Banner,32,1
34,2023-07-03 11:00:00,2,Dr. Stephan Strange,31,1
35,2023-07-04 12:00:00,3,Dr. Diana Prince,30,1
36,2023-07-05 13:00:00,1,Dr. Harleen Quinzel,29,1
37,2023-07-06 14:00:00,2,Dr. Bruce Banner,28,1
38,2023-07-07 15:00:00,3,Dr. Stephan Strange,27,1
39,2023-07-08 16:00:00,18,Dr. Diana Prince,26,1
40,2023-07-09 17:00:00,19,Dr. Harleen Quinzel,25,1
41,2023-07-10 8:00:00,21,Dr. Bruce Banner,24,1
42,2023-07-11 9:00:00,22,Dr. Stephan Strange,23,1
43,2023-07-11 11:00:00,15,Dr. Nick Riviera,1,1
44,2023-07-13 8:00:00,3,Dr. Nick Riviera,1,1
45,2023-07-21 16:00:00,17,Dr. Nick Riviera,1,1
46,2023-07-21 17:00:00,4,Dr. Hubert Farnsworth,2,1
47,2023-07-21 19:00:00,5,Dr. Hubert Farnsworth,2,1
48,2023-07-21 19:00:00,7,Dr. John Zoidberg,3,1
49,2023-07-21 19:00:00,11,Dr. John Zoidberg,3,1
50,2023-07-21 19:00:00,9,Dr. John Zoidberg,3,1
51,2023-07-21 19:00:00,13,Dr. John Zoidberg,3,1